  <configuration  xmlns:xi="http://www.w3.org/2001/XInclude">
    
    <property>
      <name>security.admin.operations.protocol.acl</name>
      <value>hadoop</value>
    </property>
    
    <property>
      <name>security.client.datanode.protocol.acl</name>
      <value>*</value>
    </property>
    
    <property>
      <name>security.client.protocol.acl</name>
      <value>*</value>
    </property>
    
    <property>
      <name>security.datanode.protocol.acl</name>
      <value>*</value>
    </property>
    
    <property>
      <name>security.inter.datanode.protocol.acl</name>
      <value>*</value>
    </property>
    
    <property>
      <name>security.inter.tracker.protocol.acl</name>
      <value>*</value>
    </property>
    
    <property>
      <name>security.job.client.protocol.acl</name>
      <value>*</value>
    </property>
    
    <property>
      <name>security.job.task.protocol.acl</name>
      <value>*</value>
    </property>
    
    <property>
      <name>security.namenode.protocol.acl</name>
      <value>*</value>
    </property>
    
    <property>
      <name>security.refresh.policy.protocol.acl</name>
      <value>hadoop</value>
    </property>
    
    <property>
      <name>security.refresh.usertogroups.mappings.protocol.acl</name>
      <value>hadoop</value>
    </property>
    
  </configuration>