  <configuration  xmlns:xi="http://www.w3.org/2001/XInclude">
    
    <property>
      <name>capacity-scheduler</name>
      <value>null</value>
    </property>
    
    <property>
      <name>yarn.scheduler.capacity.default.minimum-user-limit-percent</name>
      <value>100</value>
    </property>
    
    <property>
      <name>yarn.scheduler.capacity.maximum-am-resource-percent</name>
      <value>0.2</value>
    </property>
    
    <property>
      <name>yarn.scheduler.capacity.maximum-applications</name>
      <value>10000</value>
    </property>
    
    <property>
      <name>yarn.scheduler.capacity.node-locality-delay</name>
      <value>40</value>
    </property>
    
    <property>
      <name>yarn.scheduler.capacity.resource-calculator</name>
      <value>org.apache.hadoop.yarn.util.resource.DefaultResourceCalculator</value>
    </property>
    
    <property>
      <name>yarn.scheduler.capacity.root.accessible-node-labels</name>
      <value>*</value>
    </property>
    
    <property>
      <name>yarn.scheduler.capacity.root.acl_administer_queue</name>
      <value>*</value>
    </property>
    
    <property>
      <name>yarn.scheduler.capacity.root.acl_submit_applications</name>
      <value>*</value>
    </property>
    
    <property>
      <name>yarn.scheduler.capacity.root.capacity</name>
      <value>100</value>
    </property>
    
    <property>
      <name>yarn.scheduler.capacity.root.default.acl_administer_jobs</name>
      <value>*</value>
    </property>
    
    <property>
      <name>yarn.scheduler.capacity.root.default.acl_submit_applications</name>
      <value>*</value>
    </property>
    
    <property>
      <name>yarn.scheduler.capacity.root.default.capacity</name>
      <value>100</value>
    </property>
    
    <property>
      <name>yarn.scheduler.capacity.root.default.maximum-capacity</name>
      <value>100</value>
    </property>
    
    <property>
      <name>yarn.scheduler.capacity.root.default.state</name>
      <value>RUNNING</value>
    </property>
    
    <property>
      <name>yarn.scheduler.capacity.root.default.user-limit-factor</name>
      <value>1</value>
    </property>
    
    <property>
      <name>yarn.scheduler.capacity.root.queues</name>
      <value>default</value>
    </property>
    
    <property>
      <name>yarn.scheduler.capacity.schedule-asynchronously.enable</name>
      <value>true</value>
    </property>
    
    <property>
      <name>yarn.scheduler.capacity.schedule-asynchronously.maximum-threads</name>
      <value>1</value>
    </property>
    
    <property>
      <name>yarn.scheduler.capacity.schedule-asynchronously.scheduling-interval-ms</name>
      <value>10</value>
    </property>
    
  </configuration>